{"cameraMode":{"drawMode":0,"name":"Shaded","section":"Shading Mode"},"sceneLighting":false,"audioPlay":false,"sceneViewState":{"showFog":true,"showMaterialUpdate":true,"showSkybox":true,"showFlares":true,"showImageEffects":true,"showParticleSystems":true},"in2DMode":false,"pivot":{"x":-1.9081616401672364,"y":-0.6468658447265625,"z":-0.6788129806518555},"rotation":{"x":0.008575186133384705,"y":0.9768384695053101,"z":-0.2100544571876526,"w":0.039878156036138538},"size":2.4133245944976808,"orthographic":false}